SNA,CT,BG
Avondale,66,1
Avondale,66,2
Avondale,68,1
Avondale,68,2
Avondale,68,3
Avondale,69,1
Avondale,69,2
Avondale,69,3
Avondale,270,1
Avondale,270,2
Avondale,270,3
Avondale,270,4
Bond Hill,63,1
Bond Hill,63,2
Bond Hill,63,3
Bond Hill,63,4
Bond Hill,63,5
Bond Hill,64,1
Bond Hill,64,2
Bond Hill,64,3
Bond Hill,64,4
California,45,1
Camp Washington,28,1
Camp Washington,28,2
Carthage,61,1
Carthage,61,2
Clifton,70,1
Clifton,70,2
Clifton,70,3
Clifton,71,1
Clifton,71,2
Clifton,71,3
Clifton,72,1
Clifton,72,2
College Hill,81,1
College Hill,81,2
College Hill,82.01,1
College Hill,82.01,2
College Hill,82.01,3
College Hill,82.02,1
College Hill,82.02,2
College Hill,82.02,3
College Hill,84,1
College Hill,111,1
College Hill,111,2
Columbia Tusculum,47.01,1
Corryville,32,1
Corryville,33,1
Corryville,33,2
CUF,25,1
CUF,25,2
CUF,26,1
CUF,26,2
CUF,27,1
CUF,29,1
CUF,29,2
CUF,29,3
CUF,30,1
CUF,30,2
CUF,30,3
Downtown,7,1
Downtown,7,2
Downtown,7,3
Downtown,265,2
East End,266,1
East End,266,2
East End,266,3
East Price Hill,92,1
East Price Hill,92,2
East Price Hill,92,3
East Price Hill,93,1
East Price Hill,93,2
East Price Hill,93,3
East Price Hill,93,4
East Price Hill,94,1
East Price Hill,95,1
East Price Hill,95,2
East Price Hill,95,3
East Price Hill,96,1
East Price Hill,96,2
East Price Hill,96,3
East Price Hill,96,4
East Walnut Hills,20,1
East Walnut Hills,20,2
East Walnut Hills,41,2
East Walnut Hills,42,1
East Walnut Hills,42,2
East Westwood,88,1
East Westwood,100.02,4
English Woods,86.01,4
Evanston,38,1
Evanston,38,2
Evanston,38,3
Evanston,39,1
Evanston,39,2
Evanston,39,3
Evanston,40,1
Evanston,40,2
Evanston,41,1
Evanston,65,2
Hartwell,60,1
Hartwell,60,2
Hartwell,60,3
Hartwell,60,4
Hartwell,60,5
Hyde Park,49,1
Hyde Park,49,2
Hyde Park,49,3
Hyde Park,49,4
Hyde Park,49,5
Hyde Park,50,1
Hyde Park,50,2
Hyde Park,50,3
Hyde Park,50,4
Hyde Park,50,5
Hyde Park,51,1
Hyde Park,51,2
Kennedy Heights,58,1
Kennedy Heights,58,2
Kennedy Heights,58,3
Kennedy Heights,58,4
Kennedy Heights,58,5
Linwood,47.02,1
Lower Price Hill,263,2
Madisonville,55,1
Madisonville,55,2
Madisonville,55,3
Madisonville,55,4
Madisonville,56,1
Madisonville,56,2
Madisonville,56,3
Madisonville,56,4
Madisonville,56,5
Madisonville,108,1
Millvale,77,1
Mt. Adams,268,1
Mt. Airy,83,1
Mt. Airy,83,2
Mt. Airy,83,3
Mt. Airy,85.01,1
Mt. Airy,85.01,2
Mt. Airy,85.01,3
Mt. Airy,208.11,4
Mt. Auburn,18,1
Mt. Auburn,18,2
Mt. Auburn,22,1
Mt. Auburn,22,2
Mt. Auburn,22,3
Mt. Auburn,23,1
Mt. Lookout,47.01,2
Mt. Lookout,48,1
Mt. Lookout,48,2
Mt. Lookout,48,3
Mt. Washington,46.02,1
Mt. Washington,46.02,2
Mt. Washington,46.02,3
Mt. Washington,46.03,1
Mt. Washington,46.03,2
Mt. Washington,46.04,1
Mt. Washington,46.04,3
Mt. Washington,46.05,1
Mt. Washington,46.05,2
North Avondale,65,3
North Avondale,65,4
North Avondale,65,5
North Avondale,65,6
North Fairmount,86.01,1
North Fairmount,86.01,2
North Fairmount,86.01,3
Northside,74,1
Northside,74,2
Northside,74,3
Northside,75,1
Northside,75,2
Northside,78,1
Northside,78,2
Northside,78,3
Northside,79,1
Northside,79,2
Oakley,52,1
Oakley,52,2
Oakley,52,3
Oakley,53.01,1
Oakley,53.01,2
Oakley,53.01,3
Oakley,53.02,1
Oakley,53.02,2
Oakley,53.02,3
Oakley,54,1
Over-the-Rhine,9,1
Over-the-Rhine,9,2
Over-the-Rhine,10,1
Over-the-Rhine,10,2
Over-the-Rhine,16,1
Over-the-Rhine,16,2
Over-the-Rhine,17,1
Paddock Hills,65,1
Pendleton,11,1
Pleasant Ridge,57.01,1
Pleasant Ridge,57.01,2
Pleasant Ridge,57.01,3
Pleasant Ridge,57.02,1
Pleasant Ridge,57.02,2
Pleasant Ridge,57.02,3
Pleasant Ridge,57.02,4
Pleasant Ridge,59,1
Queensgate,263,1
Riverside,103,2
Riverside,104,1
Riverside,104,2
Roselawn,110,1
Roselawn,110,2
Roselawn,271,1
Roselawn,271,2
Roselawn,271,3
Roselawn,271,4
Sayler Park,105,1
Sayler Park,105,2
Sayler Park,106,1
Sedamsville,103,1
South Cumminsville,77,2
South Fairmount,272,1
South Fairmount,272,2
South Fairmount,272,3
Spring Grove Village,73,1
Spring Grove Village,73,2
Villages at Roll Hill,85.02,1
Walnut Hills,19,1
Walnut Hills,19,2
Walnut Hills,36,1
Walnut Hills,36,2
Walnut Hills,37,1
Walnut Hills,37,2
Walnut Hills,267,1
West End,2,1
West End,264,1
West End,264,2
West End,264,3
West End,265,1
West End,269,1
West End,269,2
West End,269,3
West End,269,4
West Price Hill,97,1
West Price Hill,97,2
West Price Hill,97,3
West Price Hill,97,4
West Price Hill,97,5
West Price Hill,98,1
West Price Hill,99.01,1
West Price Hill,99.01,2
West Price Hill,99.01,3
West Price Hill,99.02,1
West Price Hill,99.02,2
West Price Hill,100.05,1
West Price Hill,107,1
West Price Hill,107,2
Westwood,88,2
Westwood,100.02,1
Westwood,100.02,2
Westwood,100.02,3
Westwood,100.02,5
Westwood,100.03,1
Westwood,100.03,2
Westwood,100.03,3
Westwood,100.04,1
Westwood,100.04,2
Westwood,100.04,3
Westwood,101,1
Westwood,101,2
Westwood,101,3
Westwood,102.01,1
Westwood,102.01,2
Westwood,102.01,3
Westwood,102.01,4
Westwood,102.01,5
Westwood,102.02,1
Westwood,102.02,2
Westwood,102.02,3
Westwood,109,1
Westwood,109,2
Winton Hills,80,1
Winton Hills,80,2
